page_id,route,title,source,component_count,component_ids,shared_dependencies,evidence_status,mobile_status,screenshots
P01,/progress,Progress,src/app/(app)/progress/page.tsx,10,P01-C01; P01-C02; P01-C03; P01-C04; P01-C05; P01-C06; P01-C07; P01-C08; P01-C09; P01-C10,G01; G02; G03; G04; G05; G06; G07; G08; G09; G10; G11; G12; G13; G14,Live state captured + source reviewed,Companion/summary branch source reviewed; narrow viewport visual QA outstanding,02-progress-desktop.jpg
P02,/today,Today / latest practice,src/app/(app)/today/page.tsx,9,P02-C01; P02-C02; P02-C03; P02-C04; P02-C05; P02-C06; P02-C07; P02-C08; P02-C09,G01; G02; G03; G04; G05; G06; G07; G08; G09; G10; G11; G12; G13; G14,Live state captured + source reviewed,Companion/summary branch source reviewed; narrow viewport visual QA outstanding,03-today-desktop.jpg; m01-today-companion.jpg
P03,/dashboard,Dashboard,src/app/(app)/dashboard/page.tsx,7,P03-C01; P03-C02; P03-C03; P03-C04; P03-C05; P03-C06; P03-C07,G01; G02; G03; G04; G05; G06; G07; G08; G09; G10; G11; G12; G13; G14,Live state captured + source reviewed,Explicit desktop-only capability: mobile task must be implemented,04-dashboard-desktop.jpg
P04,/sessions,Session history,src/app/(app)/sessions/page.tsx,5,P04-C01; P04-C02; P04-C03; P04-C04; P04-C05,G01; G02; G03; G04; G05; G06; G07; G08; G09; G10; G11; G12; G13; G14,Live state captured + source reviewed,Companion/summary branch source reviewed; narrow viewport visual QA outstanding,05-sessions-desktop.jpg
P05,/sessions/[sessionId],Session review,src/app/(app)/sessions/[sessionId]/page.tsx,7,P05-C01; P05-C02; P05-C03; P05-C04; P05-C05; P05-C06; P05-C07,G01; G02; G03; G04; G05; G06; G07; G08; G09; G10; G11; G12; G13; G14,Live state captured + source reviewed,Companion/summary branch source reviewed; narrow viewport visual QA outstanding,60-detail-0-desktop.jpg
P06,/shots,Shot Explorer,src/app/(app)/shots/page.tsx,5,P06-C01; P06-C02; P06-C03; P06-C04; P06-C05,G01; G02; G03; G04; G05; G06; G07; G08; G09; G10; G11; G12; G13; G14,Live state captured + source reviewed,Companion/summary branch source reviewed; narrow viewport visual QA outstanding,10-shots-desktop.jpg
P07,/shots/review,Automatic shot review,src/app/(app)/shots/review/page.tsx,3,P07-C01; P07-C02; P07-C03,G01; G02; G03; G04; G05; G06; G07; G08; G09; G10; G11; G12; G13; G14,Live state captured + source reviewed,Companion/summary branch source reviewed; narrow viewport visual QA outstanding,82-runtime-6-desktop.jpg
P08,/bag,Bag,src/app/(app)/bag/page.tsx,16,P08-C01; P08-C02; P08-C03; P08-C04; P08-C05; P08-C06; P08-C07; P08-C08; P08-C09; P08-C10; P08-C11; P08-C12; P08-C13; P08-C14; P08-C15; P08-C16,G01; G02; G03; G04; G05; G06; G07; G08; G09; G10; G11; G12; G13; G14,Live state captured + source reviewed,Companion/summary branch source reviewed; narrow viewport visual QA outstanding,06-bag-desktop.jpg
P09,/bag/[clubId],Club detail,src/app/(app)/bag/[clubId]/page.tsx,6,P09-C01; P09-C02; P09-C03; P09-C04; P09-C05; P09-C06,G01; G02; G03; G04; G05; G06; G07; G08; G09; G10; G11; G12; G13; G14,Live state captured + source reviewed,Companion/summary branch source reviewed; narrow viewport visual QA outstanding,62-detail-2-desktop.jpg
P10,/bag/[clubId]/analytics,Advanced club analytics,src/app/(app)/bag/[clubId]/analytics/page.tsx,9,P10-C01; P10-C02; P10-C03; P10-C04; P10-C05; P10-C06; P10-C07; P10-C08; P10-C09,G01; G02; G03; G04; G05; G06; G07; G08; G09; G10; G11; G12; G13; G14,Live state captured + source reviewed,Companion/summary branch source reviewed; narrow viewport visual QA outstanding,63-detail-3-desktop.jpg
P11,/bag/longest,Longest shots,src/app/(app)/bag/longest/page.tsx,3,P11-C01; P11-C02; P11-C03,G01; G02; G03; G04; G05; G06; G07; G08; G09; G10; G11; G12; G13; G14,Live state captured + source reviewed,Companion/summary branch source reviewed; narrow viewport visual QA outstanding,59-bag-longest-desktop.jpg
P12,/quick-bag,Quick Bag,src/app/(app)/quick-bag/page.tsx,4,P12-C01; P12-C02; P12-C03; P12-C04,G01; G02; G03; G04; G05; G06; G07; G08; G09; G10; G11; G12; G13; G14,Live state captured + source reviewed,Companion/summary branch source reviewed; narrow viewport visual QA outstanding,25-quick-bag-desktop.jpg
P13,/equipment,Equipment setup,src/app/(app)/equipment/page.tsx,9,P13-C01; P13-C02; P13-C03; P13-C04; P13-C05; P13-C06; P13-C07; P13-C08; P13-C09,G01; G02; G03; G04; G05; G06; G07; G08; G09; G10; G11; G12; G13; G14,Live state captured + source reviewed,Explicit desktop-only capability: mobile task must be implemented,23-equipment-desktop.jpg
P14,/equipment/experiments,Equipment Experiment Lab,src/app/(app)/equipment/experiments/page.tsx,4,P14-C01; P14-C02; P14-C03; P14-C04,G01; G02; G03; G04; G05; G06; G07; G08; G09; G10; G11; G12; G13; G14,Live state captured + source reviewed,Explicit desktop-only capability: mobile task must be implemented,24-equipment-experiments-desktop.jpg
P15,/practice,Practice Planner,src/app/(app)/practice/page.tsx,8,P15-C01; P15-C02; P15-C03; P15-C04; P15-C05; P15-C06; P15-C07; P15-C08,G01; G02; G03; G04; G05; G06; G07; G08; G09; G10; G11; G12; G13; G14,Live state captured + source reviewed,Companion/summary branch source reviewed; narrow viewport visual QA outstanding,07-practice-desktop.jpg
P16,/practice/quick-range,Quick Range,src/app/(app)/practice/quick-range/page.tsx,3,P16-C01; P16-C02; P16-C03,G01; G02; G03; G04; G05; G06; G07; G08; G09; G10; G11; G12; G13; G14,Live state captured + source reviewed,Companion/summary branch source reviewed; narrow viewport visual QA outstanding,67-detail-7-desktop.jpg
P17,/coach,Coach,src/app/(app)/coach/page.tsx,6,P17-C01; P17-C02; P17-C03; P17-C04; P17-C05; P17-C06,G01; G02; G03; G04; G05; G06; G07; G08; G09; G10; G11; G12; G13; G14,Live state captured + source reviewed,Summary capability: verify and implement full specified tasks,08-coach-desktop.jpg
P18,/coach/diagnosis,Club Improvement Centre,src/app/(app)/coach/diagnosis/page.tsx,3,P18-C01; P18-C02; P18-C03,G01; G02; G03; G04; G05; G06; G07; G08; G09; G10; G11; G12; G13; G14,Live state captured + source reviewed,Explicit desktop-only capability: mobile task must be implemented,46-coach-diagnosis-desktop.jpg
P19,/coach/reports,Coach reports,src/app/(app)/coach/reports/page.tsx,3,P19-C01; P19-C02; P19-C03,G01; G02; G03; G04; G05; G06; G07; G08; G09; G10; G11; G12; G13; G14,Live state captured + source reviewed,Explicit desktop-only capability: mobile task must be implemented,47-coach-reports-desktop.jpg
P20,/coach/workspace,Coach workspace,src/app/(app)/coach/workspace/page.tsx,4,P20-C01; P20-C02; P20-C03; P20-C04,G01; G02; G03; G04; G05; G06; G07; G08; G09; G10; G11; G12; G13; G14,Live state captured + source reviewed,Explicit desktop-only capability: mobile task must be implemented,48-coach-workspace-desktop.jpg
P21,/data-chat,Data Chat,src/app/(app)/data-chat/page.tsx,4,P21-C01; P21-C02; P21-C03; P21-C04,G01; G02; G03; G04; G05; G06; G07; G08; G09; G10; G11; G12; G13; G14,Live state captured + source reviewed,Explicit desktop-only capability: mobile task must be implemented,49-data-chat-desktop.jpg
P22,/analyse,Analysis hub,src/app/(app)/analyse/page.tsx,5,P22-C01; P22-C02; P22-C03; P22-C04; P22-C05,G01; G02; G03; G04; G05; G06; G07; G08; G09; G10; G11; G12; G13; G14,Live state captured + source reviewed,Explicit desktop-only capability: mobile task must be implemented,12-analyse-desktop.jpg
P23,/analyse/compare,Compare sessions,src/app/(app)/analyse/compare/page.tsx,5,P23-C01; P23-C02; P23-C03; P23-C04; P23-C05,G01; G02; G03; G04; G05; G06; G07; G08; G09; G10; G11; G12; G13; G14,Live state captured + source reviewed,Explicit desktop-only capability: mobile task must be implemented,13-analyse-compare-desktop.jpg
P24,/analyse/conditions,Conditions analysis,src/app/(app)/analyse/conditions/page.tsx,4,P24-C01; P24-C02; P24-C03; P24-C04,G01; G02; G03; G04; G05; G06; G07; G08; G09; G10; G11; G12; G13; G14,Live state captured + source reviewed,Explicit desktop-only capability: mobile task must be implemented,14-analyse-conditions-desktop.jpg
P25,/analyse/session-impact,Session impact,src/app/(app)/analyse/session-impact/page.tsx,4,P25-C01; P25-C02; P25-C03; P25-C04,G01; G02; G03; G04; G05; G06; G07; G08; G09; G10; G11; G12; G13; G14,Live state captured + source reviewed,Explicit desktop-only capability: mobile task must be implemented,15-analyse-session-impact-desktop.jpg
P26,/analyse/workspace,Analysis workspace,src/app/(app)/analyse/workspace/page.tsx,4,P26-C01; P26-C02; P26-C03; P26-C04,G01; G02; G03; G04; G05; G06; G07; G08; G09; G10; G11; G12; G13; G14,Live state captured + source reviewed,Explicit desktop-only capability: mobile task must be implemented,16-analyse-workspace-desktop.jpg
P27,/compare,Comparison workspace,src/app/(app)/compare/page.tsx,6,P27-C01; P27-C02; P27-C03; P27-C04; P27-C05; P27-C06,G01; G02; G03; G04; G05; G06; G07; G08; G09; G10; G11; G12; G13; G14,Live state captured + source reviewed,Explicit desktop-only capability: mobile task must be implemented,17-compare-desktop.jpg
P28,/strokes-gained,Strokes gained,src/app/(app)/strokes-gained/page.tsx,7,P28-C01; P28-C02; P28-C03; P28-C04; P28-C05; P28-C06; P28-C07,G01; G02; G03; G04; G05; G06; G07; G08; G09; G10; G11; G12; G13; G14,Live state captured + source reviewed,Explicit desktop-only capability: mobile task must be implemented,18-strokes-gained-desktop.jpg
P29,/simulator-lab,Performance Lab,src/app/(app)/simulator-lab/page.tsx,9,P29-C01; P29-C02; P29-C03; P29-C04; P29-C05; P29-C06; P29-C07; P29-C08; P29-C09,G01; G02; G03; G04; G05; G06; G07; G08; G09; G10; G11; G12; G13; G14,Live state captured + source reviewed,Explicit desktop-only capability: mobile task must be implemented,19-simulator-lab-desktop.jpg
P30,/speed,Speed Centre,src/app/(app)/speed/page.tsx,9,P30-C01; P30-C02; P30-C03; P30-C04; P30-C05; P30-C06; P30-C07; P30-C08; P30-C09,G01; G02; G03; G04; G05; G06; G07; G08; G09; G10; G11; G12; G13; G14,Live state captured + source reviewed,Companion/summary branch source reviewed; narrow viewport visual QA outstanding,09-speed-desktop.jpg
P31,/speed/sessions/[sessionId],Speed session,src/app/(app)/speed/sessions/[sessionId]/page.tsx,6,P31-C01; P31-C02; P31-C03; P31-C04; P31-C05; P31-C06,G01; G02; G03; G04; G05; G06; G07; G08; G09; G10; G11; G12; G13; G14,Live state captured + source reviewed,Companion/summary branch source reviewed; narrow viewport visual QA outstanding,64-detail-4-desktop.jpg
P32,/stats/training-over-time,Training Load,src/app/(app)/stats/training-over-time/page.tsx,6,P32-C01; P32-C02; P32-C03; P32-C04; P32-C05; P32-C06,G01; G02; G03; G04; G05; G06; G07; G08; G09; G10; G11; G12; G13; G14,Live state captured + source reviewed,Companion/summary branch source reviewed; narrow viewport visual QA outstanding,22-stats-training-over-time-desktop.jpg
P33,/goals,Goals and season plan,src/app/(app)/goals/page.tsx,6,P33-C01; P33-C02; P33-C03; P33-C04; P33-C05; P33-C06,G01; G02; G03; G04; G05; G06; G07; G08; G09; G10; G11; G12; G13; G14,Live state captured + source reviewed,Summary capability: verify and implement full specified tasks,21-goals-desktop.jpg
P34,/handicap,Handicap estimates,src/app/(app)/handicap/page.tsx,5,P34-C01; P34-C02; P34-C03; P34-C04; P34-C05,G01; G02; G03; G04; G05; G06; G07; G08; G09; G10; G11; G12; G13; G14,Live state captured + source reviewed,Summary capability: verify and implement full specified tasks,20-handicap-desktop.jpg
P35,/import,Import,src/app/(app)/import/page.tsx,10,P35-C01; P35-C02; P35-C03; P35-C04; P35-C05; P35-C06; P35-C07; P35-C08; P35-C09; P35-C10,G01; G02; G03; G04; G05; G06; G07; G08; G09; G10; G11; G12; G13; G14,Live state captured + source reviewed,Companion/summary branch source reviewed; narrow viewport visual QA outstanding,26-import-desktop.jpg
P36,/import/result,Import result,src/app/(app)/import/result/page.tsx,4,P36-C01; P36-C02; P36-C03; P36-C04,G01; G02; G03; G04; G05; G06; G07; G08; G09; G10; G11; G12; G13; G14,Live state captured + source reviewed,Companion/summary branch source reviewed; narrow viewport visual QA outstanding,77-runtime-1-desktop.jpg
P37,/rapsodo,Rapsodo cloud sync,src/app/(app)/rapsodo/page.tsx,4,P37-C01; P37-C02; P37-C03; P37-C04,G01; G02; G03; G04; G05; G06; G07; G08; G09; G10; G11; G12; G13; G14,Live state captured + source reviewed,Companion/summary branch source reviewed; narrow viewport visual QA outstanding,45-rapsodo-desktop.jpg
P38,/providers,Launch-monitor providers,src/app/(app)/providers/page.tsx,4,P38-C01; P38-C02; P38-C03; P38-C04,G01; G02; G03; G04; G05; G06; G07; G08; G09; G10; G11; G12; G13; G14,Live state captured + source reviewed,Explicit desktop-only capability: mobile task must be implemented,27-providers-desktop.jpg
P39,/companion-runtime/import,Companion import entry,src/app/(app)/companion-runtime/import/page.tsx,2,P39-C01; P39-C02,G01; G02; G03; G04; G05; G06; G07; G08; G09; G10; G11; G12; G13; G14,Runtime DOM/source reviewed; captured wide state is hidden or guarded,Dedicated companion route; wide content hidden in captured runtime views,78-runtime-2-desktop.jpg
P40,/companion-runtime/import/csv,Companion CSV import,src/app/(app)/companion-runtime/import/csv/page.tsx,3,P40-C01; P40-C02; P40-C03,G01; G02; G03; G04; G05; G06; G07; G08; G09; G10; G11; G12; G13; G14,Runtime DOM/source reviewed; captured wide state is hidden or guarded,Dedicated companion route; wide content hidden in captured runtime views,79-runtime-3-desktop.jpg
P41,/companion-runtime/import/result,Companion import result,src/app/(app)/companion-runtime/import/result/page.tsx,2,P41-C01; P41-C02,G01; G02; G03; G04; G05; G06; G07; G08; G09; G10; G11; G12; G13; G14,Runtime DOM/source reviewed; captured wide state is hidden or guarded,Dedicated companion route; wide content hidden in captured runtime views,80-runtime-4-desktop.jpg
P42,/companion-runtime/rapsodo,Companion R-Cloud,src/app/(app)/companion-runtime/rapsodo/page.tsx,3,P42-C01; P42-C02; P42-C03,G01; G02; G03; G04; G05; G06; G07; G08; G09; G10; G11; G12; G13; G14,Runtime DOM/source reviewed; captured wide state is hidden or guarded,Dedicated companion route; wide content hidden in captured runtime views,81-runtime-5-desktop.jpg
P43,/rounds,Rounds,src/app/(app)/rounds/page.tsx,4,P43-C01; P43-C02; P43-C03; P43-C04,G01; G02; G03; G04; G05; G06; G07; G08; G09; G10; G11; G12; G13; G14,Live state captured + source reviewed,Companion/summary branch source reviewed; narrow viewport visual QA outstanding,11-rounds-desktop.jpg
P44,/rounds/new,Add round,src/app/(app)/rounds/new/page.tsx,3,P44-C01; P44-C02; P44-C03,G01; G02; G03; G04; G05; G06; G07; G08; G09; G10; G11; G12; G13; G14,Live state captured + source reviewed,Companion/summary branch source reviewed; narrow viewport visual QA outstanding,58-rounds-new-desktop.jpg
P45,/rounds/[sessionId],Round review and live scoring,src/app/(app)/rounds/[sessionId]/page.tsx,9,P45-C01; P45-C02; P45-C03; P45-C04; P45-C05; P45-C06; P45-C07; P45-C08; P45-C09,G01; G02; G03; G04; G05; G06; G07; G08; G09; G10; G11; G12; G13; G14,Live state captured + source reviewed,Companion/summary branch source reviewed; narrow viewport visual QA outstanding,61-detail-1-desktop.jpg
P46,/courses,Course library,src/app/(app)/courses/page.tsx,3,P46-C01; P46-C02; P46-C03,G01; G02; G03; G04; G05; G06; G07; G08; G09; G10; G11; G12; G13; G14,Live state captured + source reviewed,Companion/summary branch source reviewed; narrow viewport visual QA outstanding,28-courses-desktop.jpg
P47,/courses/new,Create or import course,src/app/(app)/courses/new/page.tsx,4,P47-C01; P47-C02; P47-C03; P47-C04,G01; G02; G03; G04; G05; G06; G07; G08; G09; G10; G11; G12; G13; G14,Live state captured + source reviewed,Explicit desktop-only capability: mobile task must be implemented,29-courses-new-desktop.jpg
P48,/courses/[courseId],Course detail,src/app/(app)/courses/[courseId]/page.tsx,5,P48-C01; P48-C02; P48-C03; P48-C04; P48-C05,G01; G02; G03; G04; G05; G06; G07; G08; G09; G10; G11; G12; G13; G14,Live state captured + source reviewed,Explicit desktop-only capability: mobile task must be implemented,65-detail-5-desktop.jpg
P49,/courses/[courseId]/holes,Course editor and reference,src/app/(app)/courses/[courseId]/holes/page.tsx,7,P49-C01; P49-C02; P49-C03; P49-C04; P49-C05; P49-C06; P49-C07,G01; G02; G03; G04; G05; G06; G07; G08; G09; G10; G11; G12; G13; G14,Live state captured + source reviewed,Explicit desktop-only capability: mobile task must be implemented,71-detail-3-desktop.jpg
P50,/courses/[courseId]/shot-pattern,Course shot-pattern planner,src/app/(app)/courses/[courseId]/shot-pattern/page.tsx,4,P50-C01; P50-C02; P50-C03; P50-C04,G01; G02; G03; G04; G05; G06; G07; G08; G09; G10; G11; G12; G13; G14,Live state captured + source reviewed,Explicit desktop-only capability: mobile task must be implemented,73-detail-5-desktop.jpg
P51,/courses/strategy,Course strategy,src/app/(app)/courses/strategy/page.tsx,5,P51-C01; P51-C02; P51-C03; P51-C04; P51-C05,G01; G02; G03; G04; G05; G06; G07; G08; G09; G10; G11; G12; G13; G14,Live state captured + source reviewed,Companion/summary branch source reviewed; narrow viewport visual QA outstanding,30-courses-strategy-desktop.jpg
P52,/course-twins,Course Twin catalogue,src/app/(app)/course-twins/page.tsx,2,P52-C01; P52-C02,G01; G02; G03; G04; G05; G06; G07; G08; G09; G10; G11; G12; G13; G14,Live state captured + source reviewed,Companion/summary branch source reviewed; narrow viewport visual QA outstanding,31-course-twins-desktop.jpg
P53,/play,Play and pre-round setup,src/app/(app)/play/page.tsx,5,P53-C01; P53-C02; P53-C03; P53-C04; P53-C05,G01; G02; G03; G04; G05; G06; G07; G08; G09; G10; G11; G12; G13; G14,Live state captured + source reviewed,Companion/summary branch source reviewed; narrow viewport visual QA outstanding,32-play-desktop.jpg
P54,/play/[courseId],Immersive Course Twin,src/app/(app)/play/[courseId]/page.tsx,4,P54-C01; P54-C02; P54-C03; P54-C04,G01; G02; G03; G04; G05; G06; G07; G08; G09; G10; G11; G12; G13; G14,Live state captured + source reviewed,Companion/summary branch source reviewed; narrow viewport visual QA outstanding,76-runtime-0-desktop.jpg
P55,/course-records,Course record boards,src/app/(app)/course-records/page.tsx,3,P55-C01; P55-C02; P55-C03,G01; G02; G03; G04; G05; G06; G07; G08; G09; G10; G11; G12; G13; G14,Live state captured + source reviewed,Explicit desktop-only capability: mobile task must be implemented,33-course-records-desktop.jpg
P56,/courses/[courseId]/records,Records at a course,src/app/(app)/courses/[courseId]/records/page.tsx,3,P56-C01; P56-C02; P56-C03,G01; G02; G03; G04; G05; G06; G07; G08; G09; G10; G11; G12; G13; G14,Live state captured + source reviewed,Explicit desktop-only capability: mobile task must be implemented,72-detail-4-desktop.jpg
P57,/course-records/[recordId],Course record detail,src/app/(app)/course-records/[recordId]/page.tsx,5,P57-C01; P57-C02; P57-C03; P57-C04; P57-C05,G01; G02; G03; G04; G05; G06; G07; G08; G09; G10; G11; G12; G13; G14,Live state captured + source reviewed,Explicit desktop-only capability: mobile task must be implemented,85-record-detail-desktop.jpg
P58,/challenges,Challenges,src/app/(app)/challenges/page.tsx,6,P58-C01; P58-C02; P58-C03; P58-C04; P58-C05; P58-C06,G01; G02; G03; G04; G05; G06; G07; G08; G09; G10; G11; G12; G13; G14,Live state captured + source reviewed,Companion/summary branch source reviewed; narrow viewport visual QA outstanding,34-challenges-desktop.jpg
P59,/challenges/[challengeId],Challenge detail,src/app/(app)/challenges/[challengeId]/page.tsx,7,P59-C01; P59-C02; P59-C03; P59-C04; P59-C05; P59-C06; P59-C07,G01; G02; G03; G04; G05; G06; G07; G08; G09; G10; G11; G12; G13; G14,Live state captured + source reviewed,Companion/summary branch source reviewed; narrow viewport visual QA outstanding,84-challenge-detail-desktop.jpg
P60,/tournaments,Tournaments,src/app/(app)/tournaments/page.tsx,3,P60-C01; P60-C02; P60-C03,G01; G02; G03; G04; G05; G06; G07; G08; G09; G10; G11; G12; G13; G14,Live state captured + source reviewed,Companion/summary branch source reviewed; narrow viewport visual QA outstanding,35-tournaments-desktop.jpg
P61,/tournaments/[tournamentId],Tournament detail,src/app/(app)/tournaments/[tournamentId]/page.tsx,8,P61-C01; P61-C02; P61-C03; P61-C04; P61-C05; P61-C06; P61-C07; P61-C08,G01; G02; G03; G04; G05; G06; G07; G08; G09; G10; G11; G12; G13; G14,Live state captured + source reviewed,Companion/summary branch source reviewed; narrow viewport visual QA outstanding,69-detail-1-desktop.jpg
P62,/leaderboard,Leaderboards,src/app/(app)/leaderboard/page.tsx,5,P62-C01; P62-C02; P62-C03; P62-C04; P62-C05,G01; G02; G03; G04; G05; G06; G07; G08; G09; G10; G11; G12; G13; G14,Live state captured + source reviewed,Summary capability: verify and implement full specified tasks,36-leaderboard-desktop.jpg
P63,/achievements,Achievements,src/app/(app)/achievements/page.tsx,6,P63-C01; P63-C02; P63-C03; P63-C04; P63-C05; P63-C06,G01; G02; G03; G04; G05; G06; G07; G08; G09; G10; G11; G12; G13; G14,Live state captured + source reviewed,Summary capability: verify and implement full specified tasks,37-achievements-desktop.jpg
P64,/friends,Friends,src/app/(app)/friends/page.tsx,4,P64-C01; P64-C02; P64-C03; P64-C04,G01; G02; G03; G04; G05; G06; G07; G08; G09; G10; G11; G12; G13; G14,Live state captured + source reviewed,Explicit desktop-only capability: mobile task must be implemented,39-friends-desktop.jpg
P65,/groups,Groups,src/app/(app)/groups/page.tsx,4,P65-C01; P65-C02; P65-C03; P65-C04,G01; G02; G03; G04; G05; G06; G07; G08; G09; G10; G11; G12; G13; G14,Live state captured + source reviewed,Explicit desktop-only capability: mobile task must be implemented,40-groups-desktop.jpg
P66,/groups/[groupSlug],Group clubhouse,src/app/(app)/groups/[groupSlug]/page.tsx,6,P66-C01; P66-C02; P66-C03; P66-C04; P66-C05; P66-C06,G01; G02; G03; G04; G05; G06; G07; G08; G09; G10; G11; G12; G13; G14,Live state captured + source reviewed,Explicit desktop-only capability: mobile task must be implemented,68-detail-0-desktop.jpg
P67,/feed,Clubhouse feed,src/app/(app)/feed/page.tsx,4,P67-C01; P67-C02; P67-C03; P67-C04,G01; G02; G03; G04; G05; G06; G07; G08; G09; G10; G11; G12; G13; G14,Live state captured + source reviewed,Explicit desktop-only capability: mobile task must be implemented,41-feed-desktop.jpg
P68,/social-intelligence,Recaps and safety,src/app/(app)/social-intelligence/page.tsx,4,P68-C01; P68-C02; P68-C03; P68-C04,G01; G02; G03; G04; G05; G06; G07; G08; G09; G10; G11; G12; G13; G14,Live state captured + source reviewed,Explicit desktop-only capability: mobile task must be implemented,50-social-intelligence-desktop.jpg
P69,/profile,Your profile,src/app/(app)/profile/page.tsx,9,P69-C01; P69-C02; P69-C03; P69-C04; P69-C05; P69-C06; P69-C07; P69-C08; P69-C09,G01; G02; G03; G04; G05; G06; G07; G08; G09; G10; G11; G12; G13; G14,Live state captured + source reviewed,Companion/summary branch source reviewed; narrow viewport visual QA outstanding,38-profile-desktop.jpg
P70,/profile/[username],Social profile,src/app/(app)/profile/[username]/page.tsx,4,P70-C01; P70-C02; P70-C03; P70-C04,G01; G02; G03; G04; G05; G06; G07; G08; G09; G10; G11; G12; G13; G14,Live state captured + source reviewed,Companion/summary branch source reviewed; narrow viewport visual QA outstanding,70-detail-2-desktop.jpg
P71,/settings,Settings,src/app/(app)/settings/page.tsx,14,P71-C01; P71-C02; P71-C03; P71-C04; P71-C05; P71-C06; P71-C07; P71-C08; P71-C09; P71-C10; P71-C11; P71-C12; P71-C13; P71-C14,G01; G02; G03; G04; G05; G06; G07; G08; G09; G10; G11; G12; G13; G14,Live state captured + source reviewed,Companion/summary branch source reviewed; narrow viewport visual QA outstanding,42-settings-desktop.jpg
P72,/settings/notifications,Notification preferences,src/app/(app)/settings/notifications/page.tsx,3,P72-C01; P72-C02; P72-C03,G01; G02; G03; G04; G05; G06; G07; G08; G09; G10; G11; G12; G13; G14,Live state captured + source reviewed,Companion/summary branch source reviewed; narrow viewport visual QA outstanding,44-settings-notifications-desktop.jpg
P73,/settings/invitations/[token],Accept account invitation,src/app/(app)/settings/invitations/[token]/page.tsx,2,P73-C01; P73-C02,G01; G02; G03; G04; G05; G06; G07; G08; G09; G10; G11; G12; G13; G14,Source reviewed; token/special state not exercised live,Companion/summary branch source reviewed; narrow viewport visual QA outstanding,
P74,/shared/[userId],Shared account overview,src/app/(app)/shared/[userId]/page.tsx,3,P74-C01; P74-C02; P74-C03,G01; G02; G03; G04; G05; G06; G07; G08; G09; G10; G11; G12; G13; G14,Source reviewed; token/special state not exercised live,Companion/summary branch source reviewed; narrow viewport visual QA outstanding,
P75,/billing,Plan and billing,src/app/(app)/billing/page.tsx,6,P75-C01; P75-C02; P75-C03; P75-C04; P75-C05; P75-C06,G01; G02; G03; G04; G05; G06; G07; G08; G09; G10; G11; G12; G13; G14,Live state captured + source reviewed,Explicit desktop-only capability: mobile task must be implemented,43-billing-desktop.jpg
P76,/admin,Operations console,src/app/(admin)/admin/page.tsx,5,P76-C01; P76-C02; P76-C03; P76-C04; P76-C05,G01; G02; G03; G04; G05; G06; G07; G08; G09; G10; G11; G12; G13; G14,Live state captured + source reviewed,Explicit desktop-only capability: mobile task must be implemented,52-admin-desktop.jpg
P77,/admin/users,Account management,src/app/(admin)/admin/users/page.tsx,4,P77-C01; P77-C02; P77-C03; P77-C04,G01; G02; G03; G04; G05; G06; G07; G08; G09; G10; G11; G12; G13; G14,Live state captured + source reviewed,Explicit desktop-only capability: mobile task must be implemented,53-admin-users-desktop.jpg
P78,/admin/moderation,Moderation,src/app/(admin)/admin/moderation/page.tsx,5,P78-C01; P78-C02; P78-C03; P78-C04; P78-C05,G01; G02; G03; G04; G05; G06; G07; G08; G09; G10; G11; G12; G13; G14,Live state captured + source reviewed,Explicit desktop-only capability: mobile task must be implemented,54-admin-moderation-desktop.jpg
P79,/admin/billing,Billing and entitlements,src/app/(admin)/admin/billing/page.tsx,4,P79-C01; P79-C02; P79-C03; P79-C04,G01; G02; G03; G04; G05; G06; G07; G08; G09; G10; G11; G12; G13; G14,Live state captured + source reviewed,Explicit desktop-only capability: mobile task must be implemented,55-admin-billing-desktop.jpg
P80,/admin/challenges,Challenge and tournament administration,src/app/(admin)/admin/challenges/page.tsx,4,P80-C01; P80-C02; P80-C03; P80-C04,G01; G02; G03; G04; G05; G06; G07; G08; G09; G10; G11; G12; G13; G14,Live state captured + source reviewed,Explicit desktop-only capability: mobile task must be implemented,56-admin-challenges-desktop.jpg
P81,/admin/system-checks,System checks,src/app/(admin)/admin/system-checks/page.tsx,4,P81-C01; P81-C02; P81-C03; P81-C04,G01; G02; G03; G04; G05; G06; G07; G08; G09; G10; G11; G12; G13; G14,Live state captured + source reviewed,Explicit desktop-only capability: mobile task must be implemented,57-admin-system-checks-desktop.jpg
P82,/partners,Sponsors and partner offers,src/app/(app)/partners/page.tsx,5,P82-C01; P82-C02; P82-C03; P82-C04; P82-C05,G01; G02; G03; G04; G05; G06; G07; G08; G09; G10; G11; G12; G13; G14,Live state captured + source reviewed,Explicit desktop-only capability: mobile task must be implemented,51-partners-desktop.jpg
P83,/,Public home page,src/app/page.tsx,13,P83-C01; P83-C02; P83-C03; P83-C04; P83-C05; P83-C06; P83-C07; P83-C08; P83-C09; P83-C10; P83-C11; P83-C12; P83-C13,G01; G09; G10; G11; G12; G13; G14,Live state captured + source reviewed,Public responsive/source branch reviewed,74-detail-6-desktop.jpg
P84,/login,Sign in or join,src/app/login/page.tsx,4,P84-C01; P84-C02; P84-C03; P84-C04,G01; G09; G10; G11; G12; G13; G14,Live authentication exercised + source reviewed; no retained screenshot,Public responsive/source branch reviewed,
P85,/welcome,First-run onboarding,src/app/(app)/welcome/page.tsx,3,P85-C01; P85-C02; P85-C03,G01; G02; G03; G04; G05; G06; G07; G08; G09; G10; G11; G12; G13; G14,Live state captured + source reviewed,Companion/summary branch source reviewed; narrow viewport visual QA outstanding,66-detail-6-desktop.jpg
P86,/privacy,Data notice,src/app/privacy/page.tsx,3,P86-C01; P86-C02; P86-C03,G01; G09; G10; G11; G12; G13; G14,Live state captured + source reviewed,Public responsive/source branch reviewed,75-detail-7-desktop.jpg
P87,/offline,Offline saved golf,src/app/offline/page.tsx,5,P87-C01; P87-C02; P87-C03; P87-C04; P87-C05,G01; G09; G10; G11; G12; G13; G14,Live state captured + source reviewed,Offline companion source reviewed; network/device execution not tested,83-runtime-7-desktop.jpg
P88,/share/[token],Shared round,src/app/share/[token]/page.tsx,3,P88-C01; P88-C02; P88-C03,G01; G09; G10; G11; G12; G13; G14,Source reviewed; token/special state not exercised live,Public responsive/source branch reviewed,
P89,/share/course-twin/[token],Shared Course Twin,src/app/share/course-twin/[token]/page.tsx,3,P89-C01; P89-C02; P89-C03,G01; G09; G10; G11; G12; G13; G14,Source reviewed; token/special state not exercised live,Public responsive/source branch reviewed,
P90,/share/report/[token],Shared coach report,src/app/share/report/[token]/page.tsx,3,P90-C01; P90-C02; P90-C03,G01; G09; G10; G11; G12; G13; G14,Source reviewed; token/special state not exercised live,Public responsive/source branch reviewed,
P91,/companion/handoff,Desktop handoff,src/app/(app)/companion/handoff/page.tsx,2,P91-C01; P91-C02,G01; G02; G03; G04; G05; G06; G07; G08; G09; G10; G11; G12; G13; G14,Source reviewed; token/special state not exercised live,Companion/summary branch source reviewed; narrow viewport visual QA outstanding,
P92,/companion/summary,Companion summary router,src/app/(app)/companion/summary/page.tsx,2,P92-C01; P92-C02,G01; G02; G03; G04; G05; G06; G07; G08; G09; G10; G11; G12; G13; G14,Source reviewed; token/special state not exercised live,Companion/summary branch source reviewed; narrow viewport visual QA outstanding,
P93,/courses/[courseId]/records/[recordId],Course record redirect,src/app/(app)/courses/[courseId]/records/[recordId]/page.tsx,1,P93-C01,G01; G02; G03; G04; G05; G06; G07; G08; G09; G10; G11; G12; G13; G14,Redirect contract source-reviewed,Redirect; verify the destination mobile task,
P94,/courses/[courseId]/tournaments,Course tournament redirect,src/app/(app)/courses/[courseId]/tournaments/page.tsx,1,P94-C01,G01; G02; G03; G04; G05; G06; G07; G08; G09; G10; G11; G12; G13; G14,Redirect contract source-reviewed,Redirect; verify the destination mobile task,
P95,/tournaments/[tournamentId]/leaderboard,Tournament standings redirect,src/app/(app)/tournaments/[tournamentId]/leaderboard/page.tsx,1,P95-C01,G01; G02; G03; G04; G05; G06; G07; G08; G09; G10; G11; G12; G13; G14,Redirect contract source-reviewed,Redirect; verify the destination mobile task,
P96,/tournaments/[tournamentId]/rounds,Tournament rounds redirect,src/app/(app)/tournaments/[tournamentId]/rounds/page.tsx,1,P96-C01,G01; G02; G03; G04; G05; G06; G07; G08; G09; G10; G11; G12; G13; G14,Redirect contract source-reviewed,Redirect; verify the destination mobile task,
P97,/tournaments/[tournamentId]/rules,Tournament rules redirect,src/app/(app)/tournaments/[tournamentId]/rules/page.tsx,1,P97-C01,G01; G02; G03; G04; G05; G06; G07; G08; G09; G10; G11; G12; G13; G14,Redirect contract source-reviewed,Redirect; verify the destination mobile task,
P98,/tournaments/[tournamentId]/submit,Tournament submit redirect,src/app/(app)/tournaments/[tournamentId]/submit/page.tsx,1,P98-C01,G01; G02; G03; G04; G05; G06; G07; G08; G09; G10; G11; G12; G13; G14,Redirect contract source-reviewed,Redirect; verify the destination mobile task,
